,num_factor,mkt_cap,医药生物,机械设备,电气设备,电子,农林牧渔,非银金融,有色金属,传媒,房地产,化工,建筑材料,通信,商业贸易,计算机,公用事业,建筑装饰,纺织服装,轻工制造,汽车,食品饮料,交通运输,国防军工,综合,休闲服务,采掘,家用电器,银行
2013-01-31,1.2932141821387664,-2.1229509278235956,5.344930602781254,3.971144635228274,3.8826851563668163,6.47458635326423,0.9294183679533505,0.4753814103535907,2.8675405070041555,6.141316853565627,1.1777008203295125,3.423251680306097,-0.04660080097103201,4.660933014365671,1.7247501588851113,5.493159741800302,6.647697526936428,3.558287640527019,1.6819450241928229,1.5307812643989305,1.480106036569428,3.4247039383123177,-0.5188764984048685,0.9227796822540946,0.9006386455314571,0.19745609360321026,0.30101819493156656,1.8899000731625026,0.6391835155865422
2013-02-28,0.8215325504296568,1.2533428990057633,2.555890977195782,-4.072256389652943,-2.322648133767199,2.9082499883026385,-4.910627542516425,-2.5355034173538415,-4.117706056074746,-1.580135823827121,-4.645551838790744,-1.4992691569155134,-3.676826330353347,1.3814689474130046,-2.510727639633632,-1.7052270964620688,-0.03163513054267982,-2.848696986556903,-2.7488239395173504,-1.3990898743233933,-3.165332524904535,-0.781014159734851,-1.3704649904459518,-2.471922387931947,-1.5677578055477812,-0.07770557540753684,-1.7056932736177945,-0.10878229429543526,-1.7190528931423663
2013-03-31,0.9575564156715152,1.0173309754877413,-2.3395105008790513,-4.464928008524307,-1.1879706909315286,-0.9591145924332879,-0.8269214067771193,-0.5563518611724334,-2.8201656104512596,1.281782743128762,0.985835886165512,-2.3932717423300454,-1.0673236481047628,-1.0523279114419777,-0.05417452101156395,-1.370114034135155,-3.1135748842166486,-0.2758582521387102,-1.8879378726010385,0.4743178188617065,0.8677745735962279,-2.505086626097551,0.28124655199747517,-2.615088411005691,-0.40775608332067387,-2.309524359141247,0.4086087361039694,1.0114336816193774,-0.9685667245178124
2013-04-30,-0.35447904155270127,-4.133353070859692,12.490101783675351,12.836738550720426,11.257714949487545,14.022848852175995,4.370396550548415,1.7408977121647538,5.473683888641189,9.484151212560535,6.393203741038621,9.526183472165885,4.872653430875967,9.598567977099592,4.6995116751131265,17.218605617679362,9.799537854717611,6.477136167765493,4.077935600378719,5.752021971114131,7.470271273499309,4.643125958275135,2.8308802416230376,4.977139555326567,1.9930243752979626,2.3185549244750563,1.529399677783421,5.892846490404991,1.4408496177104935
2013-05-31,1.4367611541420915,1.3359202376149262,-12.127177896299953,-13.933734301442913,-10.029720276060566,-9.815573830610768,-8.52132807826765,-4.050003021468991,-12.155420408020017,-4.403941115075754,-7.236169288015602,-15.431742410945256,-8.477210408950876,-6.036800376456171,-6.3269472561895865,-7.1911902469609705,-6.375936412186096,-8.365798888871234,-7.819510817754578,-8.568210914497897,-10.386634832270406,-6.803420895158093,-6.269619889682362,-5.943172644894639,-2.1464518956803524,-4.819689703638876,-3.7626848543476665,-7.0795174827337455,-3.222557252069241
2013-06-30,0.47880528606216155,-4.880376686212641,8.14790341583629,6.156640690196796,4.231679833437084,6.564587456524721,1.450574795558105,0.7590813550678857,2.9968669953810063,9.360625357030342,0.787849034272748,4.250568104677077,2.3287138918378245,5.184452851673248,2.3545767011281495,12.109773921817968,3.6031423854222857,-0.4927988742943558,1.946267574899037,4.403587254075228,2.143498700094264,2.483536351060639,0.7176372966021468,1.1514223857137367,1.4398767151367147,3.1196693298202343,-0.128353866282705,3.3363967969500643,0.2711691087654857
2013-07-31,0.7640133756731288,-2.8374027916010998,2.7865586072157518,3.019296626478647,2.7227130311397394,3.512913977294597,2.7514596806507097,1.4916041194472134,3.1991563599990296,6.765713635700492,3.694430038288643,4.928607544386143,1.4281068248392959,3.246330147033588,4.509189012108892,5.827324345168162,0.15165284067329243,2.3869547204589456,1.8944047243542776,2.76813051051548,3.3617553413672345,1.8342653468872496,4.823352712739296,1.5043183130453335,1.4757804509971555,2.7237415626539008,1.3145991540207334,1.7167776485767992,1.3224766558504566
2013-08-31,1.9462883456058695,-2.116031045709684,8.725863061091315,3.4732453698166363,5.294304349887917,3.3144147442145186,1.5314976154823767,0.9203823976491715,0.769383658225241,7.259467738082036,-0.46265148482223506,2.8850354919336674,0.5273810283810714,4.044887159592699,6.292066487541475,8.31523671479238,3.350855875579796,0.1295489077581599,2.8150298087680765,3.023693256436659,1.0910906723739462,3.580318360627145,0.7512619031602354,0.8883917315195343,1.114122645374051,2.0193765637781027,1.175617398822902,4.4689561888046905,1.1532149135425942
2013-09-30,0.018919972986058995,-2.747442084649952,-4.813470577589261,-0.9031028442803515,-1.3767402327447031,-5.180808137473131,0.15816675635442698,-0.4627320280877054,-2.4803166029163743,-3.7821175785797183,-1.5937909051693093,-2.10423031827769,0.18732767771166678,-4.5939844035088475,-1.2959553136595507,-6.998223498574325,3.101379561607637,-0.20224485861888855,-0.6017949581524696,-1.3651913947753815,1.4203591341338146,-1.8321431687281307,0.1365132121219588,-0.48100880556624637,-0.6549633566867482,-1.8148081318828755,-0.21907599878956854,1.37855760188712,1.6701712625235001
2013-10-31,1.383005859447801,-9.152180740592021,7.217345609998187,8.544981337651535,4.407744085226167,9.65237344139793,4.513842389500433,1.8885454311411807,3.267245435556205,5.797251808627476,0.27233445009134144,7.511728920642309,2.48098102188314,7.124238358964332,2.096980930517527,12.298311857741547,3.320854942918342,3.710865424569807,2.2431757573096847,4.444972554452907,2.9922869822834315,3.280076261430667,2.785220073088778,4.912092652938449,0.7639042244447548,1.5648278414381245,1.972024292879351,6.144788520978718,1.0494297709550473
2013-11-30,-0.4717397403257736,-1.6263622202021724,1.2914431578025842,0.38759205430027877,-0.901576016509266,-1.4985302118963642,2.5099494080150198,0.2020544640092646,-2.3142578374741785,-2.1108981665686453,-2.3818493746227163,-2.515066934911862,-1.5946265474960988,-4.716374622794934,-2.5701967427978607,-4.702891050438936,-2.7527195619362494,-0.13062711672783425,0.5395744758639819,-1.3042416304318016,-0.05007238265677709,-0.05583401738935372,-1.268234049310198,-2.3027464244606173,-0.5503766347095185,-0.06960856944152233,-2.4207140194411947,-0.04953155479731212,-0.5320471837909327
2013-12-31,3.079532947710138,-4.1351808779217425,5.366416750604895,3.7592193062447956,5.694338135174438,6.40902010695335,-2.7999749797870956,-0.11029379867075466,-0.270545400453368,11.00786358296812,0.11213896996268069,-0.030695784451176312,-0.9483574147992817,5.429671135824129,0.8549536877327332,12.593655555709862,0.20543398771285165,-1.687664550209463,-0.6576163430178836,2.830605458724428,0.6697181508286615,-0.9654090168618619,1.2884681267582585,1.144760730570622,2.471700385150209,0.8783069291859973,-0.9858767535461792,0.6167662217895309,0.048666105345023095
2014-01-31,-0.12691033100771035,-6.681183047238382,4.390889809791492,1.6356831751079792,5.729012374654289,0.3900925198351415,-0.4390977986077501,0.31812099325441434,3.1912076214568805,-0.47497883518137674,-1.3328429596450961,3.53587853731053,0.5861303910670321,1.0526434353848262,0.8337003021142485,4.6236345600195055,1.790173234820003,0.3052985984819541,1.0639477701895648,1.4822743340803395,3.2506813880240233,1.3537295645499003,-0.4713317322254848,0.8072015524436226,0.8211205618748006,3.0640937354345397,1.0169172109392148,1.7110428358338217,0.650578554163788
2014-02-28,-0.9790333872738387,-2.7854909219623694,-3.9432540196233434,-4.461340247185424,-4.5632599982449955,-5.063150749902117,-1.0186468096979886,-0.31920932540966307,-1.8368637451205467,-4.17944576091935,4.462492490552595,-2.2285056654711517,0.03545787829395232,-3.2762481954827942,-1.9892295194366796,-7.043600830843031,-2.2278865786507946,-2.440898521059097,-1.7665426144136454,-2.1222387001904344,-2.121166776540558,-0.5299721325115049,-0.898933596959317,-1.8423111778781394,-0.3304502955379,-1.0680070307852167,-1.3158223641731286,-3.04116311682369,0.17965059525395657
2014-03-31,-2.021259567177229,-1.731536827543275,-1.1670030029733733,-2.0649570838335074,-2.7354235161272387,1.7774226754901206,1.5583336395312755,0.6345410024478949,-0.4020248539401939,0.2484337902057561,-1.2882670332416575,-3.0334737712347186,-1.0427682358850514,1.7479557987147363,-0.016733166433933293,-2.5555974495319886,-1.4920249829982255,-1.6503987149611077,-1.8535578031031044,-0.9977511512233972,1.0506913292688225,-0.2428329643563897,-1.890892105812206,-0.6208340244336293,-1.5257975327411881,-1.075633434803284,-1.1983673628209965,-0.41841177457166095,0.5931558842885877
2014-04-30,1.675368204767579,-6.410492750367499,4.749513103496951,0.5988796012105088,1.8028876207475355,6.435946846234995,2.1820187158923745,0.6027551377090052,2.9735597276973653,4.326116317139988,-0.04339102580149889,2.212303887907317,0.37394131322076746,4.475238622454532,0.6486920417565837,13.78734031700596,1.0372331602353189,1.8505789243046669,-0.11032769945671946,1.224912104804647,1.5385644795565219,0.9550196517061259,0.7869281846040027,5.688268215853706,0.2057973523940398,1.2377803505782337,0.6774724784961408,1.0462501928784087,0.9542291572081595
2014-05-31,1.199768881533317,-6.2581996807303595,4.255237453492901,7.868702109754467,3.659227828156373,5.366606333588442,1.9747670085306246,0.05164581326378764,2.843883818467563,4.953190119318269,-0.6099120515044633,4.628310257388986,1.0351383580503908,5.806079937681849,-0.06847464129846634,7.709325544381382,3.7218141754341367,2.197829499835167,0.8036270405805808,4.553221716592149,3.867890793601787,1.1142832023368268,0.7490500470570668,4.166466981089657,1.5911447326561343,0.19052827348239754,1.3087113545210711,3.7305142209227746,1.0996252394278592
2014-06-30,-1.555371434367262,-1.6364759789439005,3.0070311465127038,3.210555685529758,4.262353524237673,0.8974589012825674,5.766209300164829,1.7873365008196822,9.098451677648377,0.10311302586091084,6.485063189326916,7.125395869825194,2.5538916111147025,0.8366635447081338,3.7239937981706497,0.9310217000808876,2.511573089067924,3.5615993449134495,1.8750377621856111,1.115187305159284,4.780910654540374,2.6144728262014296,1.3545690869861937,1.4759603123015779,0.8684926469842337,1.7942435751975794,2.1289744501761168,2.286330368212408,1.747638939961787
2014-07-31,-2.103643515095958,-5.424142829596098,7.522972376040712,5.19282224588114,4.904833469582512,10.191986472067333,1.916676594239563,1.6230933130754008,1.574621245010745,6.13010521640002,3.05192623791887,4.56471727594211,1.3891149454386411,2.6487696098122058,3.9721682257736632,8.764395702153928,4.428795398720644,2.242805542093528,2.997447787409085,3.217106068617455,4.574838017959947,2.2036724287157643,1.311774743762069,4.610589157656563,1.1571609244577747,2.6272257157448564,-0.45947446675688725,1.725179560927219,-0.09628414329450943
2014-08-31,-0.7166007023162579,-8.170519092854025,8.225103865708668,10.081129470279516,6.754327408216057,5.32521766770042,3.3310376833927045,1.9027116060917957,4.61056387467234,6.80340523656508,4.772629526389331,8.002604184685628,3.7767401597955956,6.667171489330272,4.373577538655848,12.15036480655469,5.057228584076873,4.161162125014298,2.630893558320563,5.101032818261421,5.64763874165145,4.803410371581542,3.8766962727351175,5.023728690825375,1.532754552280827,3.1428083116117844,1.7997451433660447,4.384277504380632,1.3256767719600853
2014-09-30,-1.8367886462729741,-4.1634866668245,3.5568186646009066,0.6268202167976279,-0.01303263713193366,1.9456199665915908,-0.6369952528343493,1.8161965090240781,-0.6313707764356407,-1.0731612435705487,1.2859173810894187,0.8485252563948394,1.056564823440741,0.27349784535805627,2.4251891995417627,-1.214040344792877,2.0381808992324126,1.2853739509710023,2.0525186158657984,0.25341102000403715,2.4475860384845674,0.9769858521665906,1.9335031935327047,3.3238416509960396,-0.32361005650708463,-0.7488086586577727,-0.8174121555011681,0.6126751009950956,2.0434815601593246
2014-10-31,-0.30132546457645965,-4.257642171533261,-0.390992670180117,3.6333101210352146,2.9059214321852895,2.1645536931726133,1.7869236834112152,4.554360373370842,3.735872056273123,0.5578804839670877,5.330376652995184,2.107567816888805,1.649006309371969,2.9885523213456526,0.6668858003120038,7.991328928527204,3.1016284801627303,3.0339983867429026,1.2742919248151974,2.7471563232536265,0.785376582022164,1.5694919652639296,2.2556760909109985,2.4012122464416468,0.5850499994317505,1.6400777441093304,0.6939050814854826,1.9541994899096582,2.179873621763955
2014-11-30,-2.1725173160322027,10.50087489516545,-6.958690634263758,-5.096449716803004,-4.9071762063670565,-8.56006562216781,-3.229476223097693,7.000218735155832,-1.8985806151784306,-4.679641230682207,2.6254846926477344,-4.247976915018536,0.4018917587437258,-3.6622062593907843,-0.3033761416931105,-10.231199614608785,0.6328504780971836,0.7152327353564591,-0.9008498522643533,-3.1901750375425464,-2.9374854765003877,-0.8615421029019725,-0.2093789108565586,-2.5612360509486995,-0.795240114674877,-1.1504085843699168,-0.7176573916144946,-0.972369309242047,0.9949976897933523
2014-12-31,3.115556059112254,-1.3167505305253353,8.49427691848946,7.419552268972251,5.317156312087573,7.211680566827038,4.331741803161946,3.8548973322795903,3.0510782929296503,7.63252312664147,1.2960971887436028,8.98422422608986,2.4171643579482462,5.150194273892793,2.054283224993675,13.680879479850043,1.497832067839982,4.091611146163363,4.2788790382047965,4.911031191909319,4.576288906811225,2.4445611504841884,2.313022069883769,4.185608426106932,1.3451234827099892,2.4144609063811,0.41371742638886544,5.302587348480174,-1.2901777531633931
2015-01-31,1.5655440050379263,-1.633879488744679,5.144341262931142,5.308225502570983,5.792826833094945,5.9333075524063075,1.460607643622452,0.8551007193937048,3.034760001754866,12.286632798827041,2.547490715529795,5.841340226699383,0.8737718642619513,5.318610839642399,2.7393254626411667,14.32393361051463,3.8568150117519173,3.517822044644664,2.3104905969802396,5.635712354996119,3.4982952646972163,2.5754581571056865,4.362822398864763,2.0934167666390184,1.8764533526378337,1.363201250329446,0.6093326124357175,2.9594326327951093,0.5803941737415854
2015-02-28,0.41822723567707415,-3.7836520592848286,10.880109047279065,10.49769281778393,9.487152733232124,9.393057421069528,6.500990368285911,1.4768436681475856,5.280468420110384,9.31879795785407,9.144829584175225,8.792674309886445,4.786200236380281,7.83862169970215,6.512425641188536,16.317124011129692,6.692579254577517,7.271164281755215,4.71413974254278,6.771114939196464,6.565274647786643,4.510495800243361,4.482980116102129,4.602820133201984,2.110532691855571,3.9215606245866987,1.4063490553959965,5.20985510745067,1.7034293440028427
2015-03-31,-0.3140335200303242,-4.86710599842643,6.11515112210714,4.371580593212938,5.803141301030365,3.1281079242176406,2.155504885560454,2.4771489886616647,2.754544757355369,8.394256394096233,4.070171459001423,4.262922286781176,1.8531745826198998,3.5066854986839973,2.4013682792021727,5.40834793063779,3.894583337861483,2.8907838314866714,1.6089750092421935,3.5426738833525895,3.327059486194189,2.304624714120146,1.345804042434077,1.7288829579598985,0.8995262745302738,1.2754937663504178,1.0851239876663743,2.940119344227235,1.4523298499044328
2015-04-30,0.48497817978775387,-10.989254666121184,8.083609169420628,5.252977096481353,5.036757758988395,6.967659290792257,3.0837844170731996,2.001245764345563,3.282479763304145,5.9989751610301,3.225308178387841,4.736285980393446,1.4190121695135653,5.2077242842010385,2.5005551153551044,11.983373403588812,3.4650474782109275,3.238775175268632,3.2717145701608374,5.786434345959803,3.2582032712414137,3.1501028243564075,2.0910052883426795,5.665572230145273,1.3327667198780149,1.7049559995527288,0.47234276894038313,3.207335872154295,1.2157253756360167
2015-05-31,-3.4983263899322985,-7.783753114884594,-3.1034116950490667,-4.299344816284264,-2.91431561851184,-1.9998638796984525,-1.2270502837018136,0.10228866423550598,-2.1414337461467476,-1.4170558279384635,0.5235135698111103,-4.948925849692924,-1.7263955413282415,-3.197643341619606,-1.0229498502823444,-4.691413619924597,-2.2979574615844593,-1.9618386414322366,-1.81882640867864,-1.7247847796964326,-1.396252188309855,-0.7725285343260512,-0.6350190039201726,-0.09867598163419375,0.7720156357009462,-1.2073315238799103,-0.22991321157943012,-2.4697555005379477,1.1251588332407196
2015-06-30,-1.4941010706229085,-3.7664273963150237,-3.9878114827333992,-7.598427977090765,-6.053490912054723,-6.2765738057460645,0.48887224697821013,-1.6047253611808745,-3.7105067717870805,-3.110140179508064,-4.391607349733998,-6.891617574655534,-2.7260350344918525,-4.278384232769064,-2.5489091311852676,-5.759114901240778,-3.326328610097062,-3.6546007355331116,-3.4762144128278125,-4.4382273057976285,-5.246042495449481,-1.9940699552421963,-1.4856562464312053,-0.7389333710790268,-1.824820693160226,-0.7762191109468287,-2.995371659570811,-2.4282009848344854,-0.8018818084542986
2015-07-31,0.17298904711342317,-1.6637290026240357,-5.640620577810229,-5.682029845532575,-0.5489360599608568,-5.0248564590627565,-3.745307999790761,-1.552396040079484,-2.48442401323461,-3.7706362820040007,-2.1933888874629837,-5.527692495094366,-1.613855236658582,-3.555034560877767,-3.019256873781305,-8.026212529782324,-2.9421969631392244,-3.5139053658908668,-3.640282987208665,-2.9659597053756834,-3.678174015359537,-3.068352956927953,-2.0680649255265213,-2.148604415601937,-0.053166590892364876,-2.4425125955993128,-1.1379511701194278,-3.5253450428186808,-0.2386168043623648
2015-08-31,2.504453241598183,-7.2158199210696825,2.6759449557294768,-1.5971925983556963,-1.3838472300170719,-1.5046149835545581,-2.4915071667341864,-0.476760967090545,-1.323628657395279,3.9423017199869137,-3.272866443446566,-2.944372028062341,-0.7033080574683603,1.1695022983374637,-1.8027773319738074,4.501243834359674,-0.1880353778097476,-3.4039095407857065,-1.6952086163888505,-0.24741452713638057,0.9153652210082434,-1.0429115184978146,-0.09712056291213754,-1.3412962461550137,1.133505203518083,0.9109942825109996,-0.7143910424269663,-1.1211557566980557,0.13700026508808605
2015-09-30,1.9500558104417487,-9.419643338721547,10.825449987462015,11.180080982036992,11.188594346770135,13.546365031691986,5.120143822770117,4.503564412267019,7.02783791296331,8.44762051080763,8.018971093275818,12.837231089881096,3.3491848222231044,8.43549113307388,6.472743836375313,17.66584078002127,7.1760874076263965,6.9245356495530315,6.130084591239337,7.5779135305954695,6.898520643058381,5.651800627708253,3.0512499957833894,5.183644184200525,1.0971335051736963,2.6162317768929677,0.5325762024229194,6.91668562234123,2.2014593187084674
2015-10-31,2.944762925136187,-11.950803841835516,4.871755209230298,5.783796102008203,3.9807214659636,9.415050333950267,4.2704726436061495,3.0582238134092914,4.094355515442074,7.460100096070151,2.863251083067153,6.339297516611161,1.0628245871159598,6.451936577109402,2.3737424367726603,9.77843927176474,2.660793722453141,2.3203625566493913,2.8165287701053003,4.635854658533718,5.12533045698332,1.4375407174910986,0.877101232079949,1.475359994386292,1.5226736253168849,1.4503745209383798,-0.1725312076259044,2.733248124940915,2.126405412252061
2015-11-30,-0.7991625502663666,-5.8655201905428305,4.07298170526922,3.6767547352068197,3.6127911751425654,3.1031376334407113,0.5898460399046301,1.0487772354856806,3.9447925931447463,4.25730968030461,4.42928630333698,4.225788191093383,1.2565443974564712,3.172206611326078,1.631100732947514,6.946672980451285,2.1569316181168916,3.1455279675226815,2.0715108697062323,1.7451757698029757,4.127255030110037,3.4381571118400642,1.3986786268154077,-0.5368073085267921,-1.1325738027975398,2.2431653613595572,0.9771684320275126,4.2964471627396685,1.272841813657007
2015-12-31,-2.4100237966572906,0.45947211574386354,-21.311436543930693,-22.21144112136283,-18.39690470100325,-20.560283130738657,-9.109202776534893,-4.734670226980387,-13.123515595829744,-13.33278146665163,-11.559539807597359,-20.785242535584658,-9.058730359200872,-13.776166949672376,-9.859272459851057,-26.411283318718613,-14.23145457336352,-12.27376845054365,-10.460426274544211,-13.883952514050584,-13.369213188560254,-9.777768531048334,-9.056055910878301,-8.157322391925309,-4.0680912178955415,-7.842924780218457,-2.2698567850672338,-11.071288125741107,-2.102194139618674
2016-01-31,-0.6456680720497918,-1.7079883435984204,-3.720956031459179,-5.375556137432803,-3.877742327945141,-1.8515854986810865,3.0284866150230525,-0.3745248116619865,2.427064288154653,-1.6989473647030893,1.142641445983999,-1.0665131309454554,-0.5850754712135101,-4.183742747648283,-2.0973740982642104,-6.285439512296524,-1.1192535066525702,-1.7512909239084895,-1.77688117312242,0.09128169996578338,-1.4593330214253757,-1.3721898203525424,-1.7400274427981692,-2.487825198747154,-0.6778868851265631,-0.8051005530641006,1.4216687733703641,-1.5849548422966042,-0.18601063341406676
2016-02-29,1.430715620665093,-7.735825424693917,12.157511140300612,13.893267398921347,12.841761925745914,15.85816853793163,7.524855231494426,4.357734709496363,8.283851658688477,11.621690014981073,6.063331629016805,12.87101424728936,6.531581174101116,9.642951144326478,6.8893044593549675,19.77228602582397,7.125455350816922,9.863515135100869,5.5157525815936745,7.6390572386282996,11.355376184740404,7.325655108743937,6.213329566097487,6.410745434156431,3.4345562255283397,3.650655303809077,1.5123468716823327,8.376888446175471,2.2771532870920757
2016-03-31,0.03934748341915779,-5.109492180745933,0.3598711733420566,-0.5193312337558459,1.6238076391023293,-0.16816296764505229,-0.20601017428340843,-0.15278904927148013,0.46278473858422425,-0.6992580150405504,-0.4864960738832857,0.2757043327292442,-0.0009606644266941113,-0.21957289161870425,0.2576442679076867,-2.116968018221473,0.6692272691180892,0.07542309095135995,-0.08431254655582324,-0.22215692039395896,0.29121740703086146,0.06753421487219637,-0.2000382806606379,6.128806875810487,0.6362414228834908,-0.6620150077714134,0.7651798009768371,0.7724926100258187,0.7789040895995865
2016-04-30,1.13942373695941,-2.1305687735138683,-0.996344466142097,1.1440715035573155,0.9299913406668354,8.206787585347122,2.372800119689567,0.5263487915626018,3.2909861352771475,-0.9522876220637583,-0.7305209649623118,0.06835256304796093,-2.105164896899152,0.3369303288338719,-1.8909794231631247,2.932633896022071,-0.624186817752994,-1.877652557479471,-2.0991282119598362,-2.307955523024394,1.3921590703290223,0.7544428381146353,0.34224970733023957,1.4593274599449815,-0.8300267203521327,-0.8885510777376265,-2.3902075053502343,0.7085950912106694,0.6769746214704399
2016-05-31,0.806697682860234,-6.940011683229404,5.523308828538972,7.801859056000905,7.257286387772969,9.45911608307808,1.234131079681344,1.5182367935819983,4.058644739594745,2.7334298634215615,1.6849460474810076,7.953639399827836,2.955832873563101,7.289574278648094,0.7835718968109325,8.045508705334125,2.3896319240212978,1.507450476864439,0.1079897376753347,3.6619721866085198,2.605207849155385,2.5884057892759254,2.052237336702177,5.780406392125453,1.7971360575168855,0.159160660369449,0.5782644070272198,3.0143922502923575,0.9230504110480148
2016-06-30,-1.8148388321024895,-0.728930975736159,1.2275214050953107,-4.026694330313349,-0.9330854941734966,-4.087983084831824,1.106756608458933,0.4265372986045865,-0.8776555899494304,-1.6932066280916838,0.5211567530465085,-0.8340539702928345,0.02530012127195823,-1.0197671951521161,-0.2771954928131447,-6.1619797236193,0.002397095656519492,-0.5181868745372825,0.5455977870843102,0.20231924874173748,-1.1199578332630842,1.184588664034197,-0.8605512238063061,-0.5891380985658538,0.8996013564696199,0.05097064697001374,0.6576586981281712,0.4552617868867183,0.934750445854591
2016-07-31,-0.30649032162030393,-3.999126473139704,6.880942776095328,3.930176080240104,3.3194366744542765,6.209485303001078,1.7500501637575339,3.269928927182584,1.8391730086901912,2.5574599856179066,6.6978916403666835,4.177900771846382,2.7802582718652515,2.906000433381387,3.441267310637547,4.310111597583916,5.482186851433852,6.484364785981584,1.3044472317167775,2.19427951493014,1.932120833383515,1.5649194490056888,0.6366083636180698,1.6189544732555974,2.9851193815614456,2.3803036351011473,1.1713203467803093,0.8417607682635451,1.586370341737915
2016-08-31,-1.0317873972322158,-3.173281897513236,-3.2053137235673312,-1.4046767357488203,-1.507607055077392,-1.380105794766197,-3.562121671968294,-0.3272707507440292,-2.5469559672241266,-2.2987552474792228,-0.17684283288530447,-2.481050455031256,1.166896581544185,1.1097515300240934,1.196996524927524,-3.3803248465577695,0.38378715095799815,-0.9144140931965992,-0.6323193423386014,-0.703443464042016,-0.573669463851048,-1.7076437803504125,-0.3427302776151333,-1.9573166769420416,0.7294673007005297,1.4128145230932572,-0.04931115067245999,1.9738771403737194,-0.5579944820700646
2016-09-30,-0.5174468755828833,-6.168196853930752,2.1700137373188353,3.10394820795256,1.382896410911599,5.953857959322817,1.8577901604466884,1.6992708097973905,3.4637513619321463,2.1108846246960185,0.7428386790343041,2.804144929232866,0.36037567434510415,0.27170818605110497,0.5904001617772653,3.404985490653323,0.5403428301024599,1.099937745107395,1.1634611809152866,1.6787986011489877,1.5281482743486952,3.078106892942203,1.156524173487699,1.170393397570711,0.30879088784427877,0.2958515227408954,1.6287711302627106,0.6349554911973367,1.3548639983756974
2016-10-31,0.6305392521589099,-3.5033213568340345,1.0080567886521226,1.5898123542139921,2.355341347171745,1.3671800082842893,-0.2414095982274922,1.53840378637395,1.4923976494935753,1.6795962869283296,2.058476064075096,2.235123463667052,1.1944334230512714,2.1272137241918783,3.092774291783326,2.1059201873592635,1.9025412558326251,3.329920516770987,5.491870572461417,0.42748184089952074,2.2896403099818787,1.2900652381594104,1.7310672450388291,0.009707947937830473,0.09290009178220521,-0.11210538987111032,2.640342883353678,2.2391027188007593,1.2807389287975544
2016-11-30,0.3838145411269576,-1.1514311005532558,-5.791204169750448,-4.581215253281041,-4.552905314491294,-5.820025871641251,-1.9874915762043865,-1.695493695162726,-4.896814730003053,-7.681198326306258,-3.8856957609988734,-3.4211605604543514,-1.4043400323172468,-6.329554012025738,-0.42744133406255996,-11.606746411684444,-2.774377436834543,-3.1313217539053113,-2.166241137904826,-3.443752932533512,-3.064928740145013,-1.341422205650337,-2.92339280316743,-3.0651671954443827,-0.7650017896625231,-1.5465638834069224,-1.2085428717788675,-3.900303045086413,-0.5681870811337195
2016-12-31,0.20589980279166092,1.0957547653776638,-4.240112547194218,-0.9709811925269404,-3.2450411746370698,-3.5160526219003274,-2.7931843392337456,-0.7698205212294428,1.2775603354736103,-3.6541117381108106,-1.5595955679063398,-1.9262425193650607,-0.36445918492814233,-3.8346502875272783,-1.7885459089441333,-4.399373794206405,-1.413963567597463,-1.4973801382447178,-1.932019575661635,-2.282328784988259,-0.8653817159094673,-1.1281227639070464,0.05493441366986054,-0.16830767845272013,-1.6885008078713728,-1.248366894528515,0.7472311631344213,-0.6128037080299458,0.5365130169640727
2017-01-31,0.3469228262859991,-3.595836162101908,3.703600048084424,3.9182844878308196,3.0793767688409655,8.46003319893757,2.718009514492364,1.132035274042385,4.1018918966582945,2.5280728057008375,2.209130085583723,3.7194713695618127,4.957688685714741,2.6791693862170085,2.0209846911079983,3.790006689534811,2.751284326856346,3.4517908315311883,0.7635457732423154,2.871542819419764,1.5082732296434254,2.32145862776511,2.031570292974428,2.0567118254989087,2.326375776547514,0.6221321873329833,0.3758617044486557,3.9989007341614053,1.138936916837486
2017-02-28,1.5570524894527182,4.133869967970343,-1.3103627533143454,1.0287714187565233,-1.8929939662032267,3.498775644552541,-2.393077987284945,-1.2542008740432724,-2.2678212819025685,-4.5513519518589565,-2.14499965837178,-0.13518476736001128,1.539817394244975,-3.803498742126479,-2.6814846597246333,-3.1132231668065793,-0.26396736011373106,1.5657284689275064,-0.7949023994248543,-0.3709946640512612,-0.5343999361152392,-0.5441109634347757,-0.962165470123274,0.5378706904359438,-1.5319550760704232,-0.9204094593332117,-0.08600525263668007,0.410857366436176,-1.0972211557393434
2017-03-31,1.776543102691304,4.434117153260416,-3.106231199648434,-4.247213611528697,-4.02595391680494,-4.734506680656243,-3.2459169804330217,-1.2195205189010023,-3.9584983502745126,-4.328954902858478,-0.8423508294811382,-5.040651252778988,2.204626030740703,-4.449131428601498,-3.0259921485656287,-5.792207934499847,4.8272761123232435,-1.0640512380209957,-0.6001102297184722,-3.540027016794642,-3.854458154237478,-2.6907784968773254,0.11012359963515932,-3.973126736174736,-1.2448794070808529,-2.66739976980006,-1.9165896116341705,-0.5762828907953789,-1.093629528954214
2017-04-30,0.44097882920118414,3.3781578882351693,-5.7244773252608505,-6.297281583220759,-4.822501966932489,-5.177779118027542,-5.352273453679176,-2.010806176815399,-5.4884570426750345,-4.292154021563839,-2.0086590035012595,-8.629896509838074,-4.109190347857561,-3.6578777827646385,-2.988329069970308,-7.306889349560834,-2.7353396424471343,-4.592389730176707,-2.9736709991017354,-4.786553788923019,-6.086977624739033,-1.443254745752994,-0.7305485884608641,-6.274119470494961,-0.3389827781927924,-3.7917117234844926,-2.174454787513952,-1.8852109814217544,0.09419950800133525
2017-05-31,0.9548221959752154,3.392164751176043,5.224816436547619,3.4238724926923885,1.7284933780879843,7.154412353905627,2.437343337915213,0.19481610634911461,6.449494741349618,0.8523004972563426,1.7271623007867014,7.424100108696153,2.3578725314822355,2.9438488055151133,2.5421039240849836,3.1485620603081816,1.0950763620245332,2.576155026136991,0.899439445893904,3.6426796899756333,5.724784459920259,3.255241605043372,2.5919160977834723,1.945354935387734,0.20109021328258467,1.7695183894854978,1.318494285111449,3.1552378150078577,0.11808792397891367
2017-06-30,1.7211326683244594,4.027762419805408,-4.059010799089465,-1.2189766135787923,-0.46774969615738543,-1.3459771821497708,1.537009517895158,0.6724985447887246,10.747556228947337,-3.9451722281390595,0.5574576550567659,4.365024865099248,-1.9542436776765053,-2.5988032289588574,1.2898739871145148,-6.090379516104776,-5.203365476923033,-1.0016043619450166,-1.7947557692927418,-1.5529455870340603,-0.8960228759077071,-0.08073706422306003,-0.28209197808233905,-1.6477985670714148,-1.271867845799435,-0.9513825550079796,1.1380051239820397,-3.1938864154250477,0.9677420788788298
2017-07-31,0.44309339995506564,-4.391815478326169,4.3969004587942,5.378525701186719,4.178794301943657,7.921255103481916,2.2835699664917035,1.6232012920200745,1.8384386212937158,4.582404116781616,0.9851701142543504,1.86448112645557,2.4972355845133873,4.413745124052191,0.9349074051582227,10.91325584498219,5.793988570230297,2.2028741386589052,1.5943062855189911,1.442973843804075,1.2022568644267586,1.142841143796007,0.9605626701068293,2.7764953828970405,2.5861969616822567,0.6866218915902457,0.9236835870028373,1.5230731226189884,1.1568094109923814
2017-08-31,1.5691253840929011,-1.46058891266484,2.10559589683251,2.1187879011950703,4.800680653571574,5.44663906199906,-2.160007011838151,-0.5501618610908222,1.7215559653982875,0.1310226169866039,-0.31058234634971704,3.5442572467086024,0.13989089416136183,8.912630967082414,0.9505309741540263,2.786892262646178,0.13944918559188482,0.08084346984216932,-0.047671777607250894,1.1673236741451662,6.88378514392844,1.9103791740883733,-0.6345885046328241,3.85436799807572,-0.7023671788236052,0.6125983824956104,0.08557588568291387,1.3125457152125888,-0.059358175447437
2017-09-30,4.196627388719327,5.76149401654032,2.119440471490421,-2.4516295012510176,-4.131308196079292,-0.013569507769296949,1.0849483818398966,-1.9272458777425248,-5.791244986485386,-2.419291207990673,-1.857518644538689,-3.357244981819338,-0.06732916264398317,-7.083861339275233,-1.6609900756430855,-6.39289382871775,-1.1992606062992608,-0.3292041831234714,0.7467567339464991,-0.20248541613999418,-3.407838096621721,1.005729064087198,1.5875612124153682,-4.007926079461941,0.011691448628251458,-0.6592445962402506,-1.8646549211684187,1.7505243964398403,0.08395566048543286
2017-10-31,-0.6896268334050254,4.479176828994708,-6.378210615022863,-7.338934245272043,-5.766093305016911,-5.598425545047597,-2.1924868157616957,-1.6845545049201132,-4.4126119210430135,-6.738265540979603,-2.322000733198186,-4.757502079860177,-3.0826297475789453,-2.979776278091431,-5.4754187405504124,-6.927583766935215,-5.130675914676172,-5.776150815932162,-4.294484820394063,-4.900668687580863,-6.181569907168281,-4.319756416408677,-2.154652645418272,-0.4469671550805579,-1.7809483366642025,-2.913118162489324,-1.0078621973716206,-4.504593098771819,1.1522794563458676
2017-11-30,2.5258600014658015,3.8239446393902403,0.9631662135842012,-2.700823964361252,-1.6877675445427134,-5.752668945612681,-0.20251438330119126,-2.936539906941631,0.12195919923427374,-1.7424965840242441,-1.1574622638439245,-1.304337024490723,-1.1011392421596045,-2.31972188639401,1.8695810467329343,-3.64885696729048,-0.9068743521673602,-0.9805294718914015,0.2807217581185281,-1.733999766846768,0.027548067691037164,0.9551200036406405,-0.2657081338185717,-1.6630666234736085,-1.0838642227427797,-0.7056926331611455,0.5007663412136546,0.1249282063047764,-1.010024688190207
2017-12-31,0.15065323771317532,3.958344107132807,-3.5693496357037,-3.8771139916461377,-5.26701666931079,-10.285847688342558,-0.7119129884411362,0.456005691487878,-2.831231747500484,-0.9762112004080454,4.182177218223644,-1.6694065223850085,-0.3864742111837758,-7.236207372296907,-0.5810021091071877,-4.2898955887705625,-6.176402940558096,-0.7768468066489729,0.9357938086916373,-1.7651441856775147,-2.5456179065500164,-0.7555583864287571,-0.5154098959658691,-2.5281051846867384,-1.3719703170620687,-0.1377912286377348,-0.3835631111184606,-0.5898359072012743,0.7983049548958321
2018-01-31,1.760361806215633,3.778724202827481,-4.054459510046245,-3.94929013205246,-3.022904277608278,1.950192812759357,-5.8029729291874865,-2.673590589968948,-1.4911999357479038,-0.5221330450096663,-5.1537769701263025,-3.2478880292267247,-2.4269855401594573,-0.7552815407766815,-1.7963575857126206,-0.5165241796531579,-3.8508896241924555,-4.666322653132483,-2.6543723381712736,-2.9922566549472385,-3.142399201289647,-5.039181413385151,-1.866465859487957,-2.3469509730063045,-1.1935542114526898,-1.8359246945756857,-1.784459436275996,-2.9993718413347055,-1.6893107985964488
2018-02-28,1.355716068337527,-9.678305177521752,11.744486911241399,3.0773712820865518,6.719983820325134,5.5357300259043765,0.6487358669306387,1.7737895823988712,1.282179245229299,4.991541190769293,0.5136539961363328,2.9635210716582394,1.4658482938380026,6.3278942959923725,0.872592891738248,15.043897868839172,2.5266111854056788,1.4416153230511113,0.8316298838536307,1.494959987170699,0.8837849757946955,2.855559972011662,1.950984667462472,5.636826632327064,1.306787231899348,0.2201011471354167,-0.9412336008890233,1.4375005024289256,0.36169079489867006
2018-03-31,1.8821368670793375,-3.2895373032179918,1.8409466227123006,-4.143006545713053,-5.242246239691971,-2.666199222110354,-1.0888633139077006,-0.42050641435241326,-1.4919184581764513,-5.228028160671918,-3.107789434937044,-5.515002321553147,-3.0092409077596924,-2.35691806001784,-2.2598374345580328,1.0716140924130728,-3.81778500458755,-4.062578939992691,-1.9443903440443693,-3.326111781114371,-4.351915885816764,-0.5049777587814078,-0.445711735312443,-0.6260770617526339,-0.8622133742430989,-1.7447665947934732,-1.8653512729813406,-1.5046376981812852,0.12602476419267253
2018-04-30,1.7766210527997417,0.6113406059900137,2.0010117210692413,-4.440042192371917,-4.567865204788773,-3.8871402827399746,3.0993579452966573,-0.7909716962797583,-1.6466934877533654,-3.53947608514524,-1.047905897220741,0.13653216327023995,-2.5645951463874868,-5.661656959268404,1.5120183312148447,-7.729635800020019,-1.7566658833831328,-2.5087627258614376,2.2624778262030794,-0.4636236668480303,0.7545625771836336,8.802836788597945,-1.5239136692353554,-4.228545593600497,0.16792054609462106,2.0548777142383012,1.3574464888135263,0.824642177740966,-0.8459476700586104
2018-05-31,1.6729452142592374,1.9035716668553289,-11.232552842490712,-10.097922093863406,-7.508518689511792,-8.093109390342576,-6.358392867963527,-2.098648995453113,-6.398140012805592,-9.539866339795283,-5.010597927679785,-9.368485504234446,-4.866943034242789,-6.841583505522314,-6.1462625548972545,-8.686359908862025,-6.819556258939828,-5.966120444843185,-4.586601022564705,-6.352259353430912,-4.249495788654341,-6.252048257060302,-2.339271543887423,-3.357990677312635,-1.379123774301341,-3.3662038218749486,-1.7890374777709062,-5.553358806522841,-1.2733157737224832
